centers,signal
250,-0.07617638843543541
300,1.0998669671613255
350,39.65329607430598
400,220.70602955622243
450,543.0950093601979
500,802.9249350235775
550,945.5701548066609
600,1018.6720237094058
650,1033.2010168079416
700,1025.3329564630562
750,970.3639548196518
800,857.5945360057708
850,710.2177202297224
900,566.4575113291985
950,413.76840765378057
1000,217.68126901662134
1050,54.611240853351056
1100,0.0
1150,0.0
