centers,widths
475.3269402721153,243.71237177964986
650.0,105.6337476761197
760.1434822335467,114.6532167909739
935.4737058295666,236.00723040106578
