centers,widths
465.42732957027,219.68361953304492
650.0,149.46172132641493
781.5690988528676,113.67647637932019
946.9063140810188,216.99795407698215
