centers,widths
458.75631379851427,197.48552313841196
623.8312926009576,132.66443446647466
749.995926936967,119.66483420554403
934.8283440397389,250.0
