centers,widths
397.62526263290476,250.0
550.141645500198,55.032765734586384
650.1,144.88394326501768
847.5419716325089,250.0
