centers,widths
459.98943163116684,216.6789734545067
629.8362936731382,123.01475062943611
756.5877021996421,130.4880664235715
936.7406758725296,229.81788092220356
