centers,widths
375.14667433824434,190.00000054486404
550.1466757540081,160.00000228666354
710.14667618183,159.99999856898017
885.1466747429456,189.99999855325075
