centers,widths
515.43545240021,250.0
690.0,99.12909519958001
789.9756349915755,100.82217478357107
965.3867223833611,250.0
